{
    "长度占比分布": {
        "count": 100,
        "mean": 0.04,
        "min": 0.0005649717514124294,
        "percentiles": {
            "25%": 0.011979463776383342,
            "50%": 0.03519374333451831,
            "75%": 0.06191950464396285,
            "90%": 0.10017421602787456,
            "93%": 0.1074938574938575,
            "96%": 0.12428078250863062,
            "97%": 0.12430632630410655,
            "98%": 0.15518072289156626,
            "98.5%": 0.18262150220913106,
            "99%": 0.18262150220913106,
            "99.3%": 0.2042791645440652,
            "99.6%": 0.2042791645440652,
            "99.9%": 0.2042791645440652
        },
        "max": 0.2042791645440652
    },
    "长度分布": {
        "count": 100,
        "mean": 1922.88,
        "min": 762,
        "percentiles": {
            "25%": 1605,
            "50%": 1967,
            "75%": 2261,
            "90%": 2560,
            "93%": 2697,
            "96%": 2747,
            "97%": 2785,
            "98%": 2818,
            "98.5%": 2818,
            "99%": 2818,
            "99.3%": 2832,
            "99.6%": 2832,
            "99.9%": 2832
        },
        "max": 2832
    },
    "分数分布": {
        "count": 100,
        "mean": 0.4,
        "min": 0.08583690788852259,
        "percentiles": {
            "25%": 0.2791761965447796,
            "50%": 0.3730569903181294,
            "75%": 0.47706421544651134,
            "90%": 0.6688741672488049,
            "93%": 0.7070707021854913,
            "96%": 0.7488151609173199,
            "97%": 0.7967999950006273,
            "98%": 0.8077858831027522,
            "98.5%": 0.8749999950007437,
            "99%": 0.8749999950007437,
            "99.3%": 0.9144050054567406,
            "99.6%": 0.9144050054567406,
            "99.9%": 0.9144050054567406
        },
        "max": 0.9144050054567406
    }
}