{
    "长度占比分布": {
        "count": 100,
        "mean": 0.05,
        "min": 0.00040766408479412964,
        "percentiles": {
            "25%": 0.021491782553729456,
            "50%": 0.04419889502762431,
            "75%": 0.06896551724137931,
            "90%": 0.1198992443324937,
            "93%": 0.1365079365079365,
            "96%": 0.1413713405238829,
            "97%": 0.1440677966101695,
            "98%": 0.1548076923076923,
            "98.5%": 0.16288951841359772,
            "99%": 0.16288951841359772,
            "99.3%": 0.20214752567693745,
            "99.6%": 0.20214752567693745,
            "99.9%": 0.20214752567693745
        },
        "max": 0.20214752567693745
    },
    "长度分布": {
        "count": 100,
        "mean": 2040.39,
        "min": 681,
        "percentiles": {
            "25%": 1700,
            "50%": 2081,
            "75%": 2397,
            "90%": 2649,
            "93%": 2786,
            "96%": 2956,
            "97%": 2960,
            "98%": 2963,
            "98.5%": 2974,
            "99%": 2974,
            "99.3%": 3211,
            "99.6%": 3211,
            "99.9%": 3211
        },
        "max": 3211
    },
    "分数分布": {
        "count": 100,
        "mean": 0.37,
        "min": 0.14303958831373592,
        "percentiles": {
            "25%": 0.27777777284655547,
            "50%": 0.36456558273425654,
            "75%": 0.4352617030409277,
            "90%": 0.5418138937593039,
            "93%": 0.6201550337684515,
            "96%": 0.6754716931402814,
            "97%": 0.6914660782966402,
            "98%": 0.7084398926990275,
            "98.5%": 0.7216721622211331,
            "99%": 0.7216721622211331,
            "99.3%": 0.7387944310885816,
            "99.6%": 0.7387944310885816,
            "99.9%": 0.7387944310885816
        },
        "max": 0.7387944310885816
    }
}