{
    "长度占比分布": {
        "count": 100,
        "mean": 0.06,
        "min": 0.0030303030303030303,
        "percentiles": {
            "25%": 0.027043269230769232,
            "50%": 0.041684035014589414,
            "75%": 0.08531044926804644,
            "90%": 0.12754158964879853,
            "93%": 0.15644171779141106,
            "96%": 0.18397085610200364,
            "97%": 0.1875699888017917,
            "98%": 0.19532554257095158,
            "98.5%": 0.29489795918367345,
            "99%": 0.29489795918367345,
            "99.3%": 0.3693502824858757,
            "99.6%": 0.3693502824858757,
            "99.9%": 0.3693502824858757
        },
        "max": 0.3693502824858757
    },
    "长度分布": {
        "count": 100,
        "mean": 2092.45,
        "min": 920,
        "percentiles": {
            "25%": 1619,
            "50%": 2111,
            "75%": 2526,
            "90%": 2826,
            "93%": 2960,
            "96%": 3072,
            "97%": 3116,
            "98%": 3124,
            "98.5%": 3223,
            "99%": 3223,
            "99.3%": 3239,
            "99.6%": 3239,
            "99.9%": 3239
        },
        "max": 3239
    },
    "分数分布": {
        "count": 100,
        "mean": 0.37,
        "min": 0.15209125127268006,
        "percentiles": {
            "25%": 0.27663550913330426,
            "50%": 0.34854771299177967,
            "75%": 0.40944881407323463,
            "90%": 0.5463659098211695,
            "93%": 0.5578111159258046,
            "96%": 0.6292682876831946,
            "97%": 0.7001972337093706,
            "98%": 0.711447487974373,
            "98.5%": 0.7529691162521087,
            "99%": 0.7529691162521087,
            "99.3%": 0.7636363586551912,
            "99.6%": 0.7636363586551912,
            "99.9%": 0.7636363586551912
        },
        "max": 0.7636363586551912
    }
}