{
    "长度占比分布": {
        "count": 5120,
        "mean": 0.06,
        "min": 0.0,
        "percentiles": {
            "25%": 0.012096774193548387,
            "50%": 0.031290184312044576,
            "75%": 0.06136560069144339,
            "90%": 0.0989563200618477,
            "93%": 0.11265767725097868,
            "96%": 0.1385057471264368,
            "97%": 0.15028901734104047,
            "98%": 0.16916780354706684,
            "98.5%": 0.18863879957127547,
            "99%": 0.22320637732506643,
            "99.3%": 0.27534562211981567,
            "99.6%": 2.467099567099567,
            "99.9%": 3.722877358490566
        },
        "max": 7.548559231590182
    },
    "长度分布": {
        "count": 5120,
        "mean": 1987.87,
        "min": 412,
        "percentiles": {
            "25%": 1641,
            "50%": 2023,
            "75%": 2331,
            "90%": 2572,
            "93%": 2633,
            "96%": 2734,
            "97%": 2772,
            "98%": 2833,
            "98.5%": 2873,
            "99%": 2937,
            "99.3%": 2995,
            "99.6%": 8009,
            "99.9%": 8010
        },
        "max": 8010
    },
    "分数分布": {
        "count": 5120,
        "mean": 0.44,
        "min": 0.008032128030455297,
        "percentiles": {
            "25%": 0.2852664526820197,
            "50%": 0.3853210964780953,
            "75%": 0.5384615334635874,
            "90%": 0.7972972922982103,
            "93%": 0.8673323773315887,
            "96%": 0.924770637212356,
            "97%": 0.9456521689136342,
            "98%": 0.9634703146351203,
            "98.5%": 0.9767441810468788,
            "99%": 0.9877049130328709,
            "99.3%": 0.9909090859095042,
            "99.6%": 0.9983579588752188,
            "99.9%": 0.999999995
        },
        "max": 0.999999995
    }
}