{
    "长度占比分布": {
        "count": 1523,
        "mean": 0.11,
        "min": 0.0,
        "percentiles": {
            "25%": 0.022399203583872575,
            "50%": 0.045489006823351025,
            "75%": 0.07904710341093665,
            "90%": 0.13184828416616495,
            "93%": 0.15237420269312543,
            "96%": 0.18802289740202555,
            "97%": 0.21535181236673773,
            "98%": 0.3693502824858757,
            "98.5%": 1.9862043251304997,
            "99%": 2.4226495726495725,
            "99.3%": 2.637148047229791,
            "99.6%": 3.1735278791037,
            "99.9%": 5.118411000763942
        },
        "max": 6.569943289224953
    },
    "长度分布": {
        "count": 1523,
        "mean": 2318.38,
        "min": 620,
        "percentiles": {
            "25%": 1884,
            "50%": 2283,
            "75%": 2610,
            "90%": 2861,
            "93%": 2939,
            "96%": 3091,
            "97%": 3155,
            "98%": 3299,
            "98.5%": 8009,
            "99%": 8009,
            "99.3%": 8009,
            "99.6%": 8009,
            "99.9%": 8009
        },
        "max": 8009
    },
    "分数分布": {
        "count": 1523,
        "mean": 0.38,
        "min": 0.0014577251466844083,
        "percentiles": {
            "25%": 0.2936507889937642,
            "50%": 0.3580785976930689,
            "75%": 0.4466858740289763,
            "90%": 0.5951219462880429,
            "93%": 0.6402714882126953,
            "96%": 0.7001972337093706,
            "97%": 0.7239263753844916,
            "98%": 0.7543323090270699,
            "98.5%": 0.7663782398184822,
            "99%": 0.7773933052799763,
            "99.3%": 0.7971530199718849,
            "99.6%": 0.821674871849858,
            "99.9%": 0.886543530621306
        },
        "max": 0.9178743911394667
    }
}