{
    "长度占比分布": {
        "count": 3597,
        "mean": 0.06,
        "min": 0.0,
        "percentiles": {
            "25%": 0.0167897918065816,
            "50%": 0.03572984749455338,
            "75%": 0.06818181818181818,
            "90%": 0.1140893470790378,
            "93%": 0.13333333333333333,
            "96%": 0.16149068322981366,
            "97%": 0.17621776504297995,
            "98%": 0.19732937685459942,
            "98.5%": 0.22043010752688172,
            "99%": 0.24598930481283424,
            "99.3%": 0.2718720602069614,
            "99.6%": 0.3350735643094447,
            "99.9%": 2.2680538555691556
        },
        "max": 7.422712933753943
    },
    "长度分布": {
        "count": 3597,
        "mean": 2074.34,
        "min": 501,
        "percentiles": {
            "25%": 1720,
            "50%": 2124,
            "75%": 2452,
            "90%": 2696,
            "93%": 2766,
            "96%": 2860,
            "97%": 2900,
            "98%": 2955,
            "98.5%": 2984,
            "99%": 3036,
            "99.3%": 3111,
            "99.6%": 3200,
            "99.9%": 8010
        },
        "max": 8010
    },
    "分数分布": {
        "count": 3597,
        "mean": 0.37,
        "min": 0.03771079457998148,
        "percentiles": {
            "25%": 0.2857142807529285,
            "50%": 0.35248041276687425,
            "75%": 0.4277456597710879,
            "90%": 0.5349301349749205,
            "93%": 0.5993265944218845,
            "96%": 0.6753812586165815,
            "97%": 0.7165775351507407,
            "98%": 0.761061941921842,
            "98.5%": 0.7880539449379829,
            "99%": 0.8305847026464579,
            "99.3%": 0.8655737654918572,
            "99.6%": 0.8941176420588512,
            "99.9%": 0.9563699775483738
        },
        "max": 0.9937369469833205
    }
}