{
    "长度占比分布": {
        "count": 100,
        "mean": 0.04,
        "min": 0.0005649717514124294,
        "percentiles": {
            "25%": 0.011979463776383342,
            "50%": 0.03519374333451831,
            "75%": 0.06191950464396285,
            "90%": 0.10017421602787456,
            "93%": 0.1074938574938575,
            "96%": 0.12428078250863062,
            "97%": 0.12430632630410655,
            "98%": 0.15518072289156626,
            "98.5%": 0.18262150220913106,
            "99%": 0.18262150220913106,
            "99.3%": 0.2042791645440652,
            "99.6%": 0.2042791645440652,
            "99.9%": 0.2042791645440652
        },
        "max": 0.2042791645440652
    },
    "长度分布": {
        "count": 100,
        "mean": 1922.88,
        "min": 762,
        "percentiles": {
            "25%": 1605,
            "50%": 1967,
            "75%": 2261,
            "90%": 2560,
            "93%": 2697,
            "96%": 2747,
            "97%": 2785,
            "98%": 2818,
            "98.5%": 2818,
            "99%": 2818,
            "99.3%": 2832,
            "99.6%": 2832,
            "99.9%": 2832
        },
        "max": 2832
    },
    "分数分布": {
        "count": 100,
        "mean": 0.45,
        "min": 0.12149532443008129,
        "percentiles": {
            "25%": 0.3434343384425059,
            "50%": 0.4279069718117902,
            "75%": 0.5463917476538421,
            "90%": 0.7364864815141071,
            "93%": 0.7573964447048424,
            "96%": 0.8030302980348946,
            "97%": 0.8074074024406036,
            "98%": 0.8166666616791668,
            "98.5%": 0.8871595280758225,
            "99%": 0.8871595280758225,
            "99.3%": 0.9222797877526914,
            "99.6%": 0.9222797877526914,
            "99.9%": 0.9222797877526914
        },
        "max": 0.9222797877526914
    }
}