{
    "长度占比分布": {
        "count": 3593,
        "mean": 0.03,
        "min": -24.058823529411764,
        "percentiles": {
            "25%": -0.07714285714285714,
            "50%": 0.09569377990430622,
            "75%": 0.23214285714285715,
            "90%": 0.3414179104477612,
            "93%": 0.37365010799136067,
            "96%": 0.41986062717770034,
            "97%": 0.44269662921348313,
            "98%": 0.4633333333333333,
            "98.5%": 0.4807692307692308,
            "99%": 0.5109034267912772,
            "99.3%": 0.5301645338208409,
            "99.6%": 0.5775193798449613,
            "99.9%": 0.8412698412698413
        },
        "max": 0.9138576779026217
    },
    "预测长度分布": {
        "count": 3593,
        "mean": 410.82,
        "min": 24,
        "percentiles": {
            "25%": 341,
            "50%": 393,
            "75%": 453,
            "90%": 524,
            "93%": 553,
            "96%": 600,
            "97%": 630,
            "98%": 663,
            "98.5%": 691,
            "99%": 734,
            "99.3%": 766,
            "99.6%": 833,
            "99.9%": 3785
        },
        "max": 4465
    },
    "目标长度分布": {
        "count": 3593,
        "mean": 443.13,
        "min": 17,
        "percentiles": {
            "25%": 380,
            "50%": 437,
            "75%": 497,
            "90%": 562,
            "93%": 585,
            "96%": 623,
            "97%": 641,
            "98%": 674,
            "98.5%": 687,
            "99%": 707,
            "99.3%": 738,
            "99.6%": 775,
            "99.9%": 917
        },
        "max": 979
    },
    "分数分布": {
        "count": 3593,
        "mean": 0.3,
        "min": 0.018518516387827314,
        "percentiles": {
            "25%": 0.24494648741566658,
            "50%": 0.2801377676785727,
            "75%": 0.32658227348216634,
            "90%": 0.38797813715548396,
            "93%": 0.4139482515516101,
            "96%": 0.46437345941937475,
            "97%": 0.4993464002460593,
            "98%": 0.5501022445717441,
            "98.5%": 0.5781249950030144,
            "99%": 0.6186726609714788,
            "99.3%": 0.6416978727632906,
            "99.6%": 0.6869806044213903,
            "99.9%": 0.8258258208421034
        },
        "max": 0.999999995
    }
}