{
    "长度占比分布": {
        "count": 1535,
        "mean": -0.09,
        "min": -12.152,
        "percentiles": {
            "25%": -0.20833333333333334,
            "50%": -0.00558659217877095,
            "75%": 0.14814814814814814,
            "90%": 0.2920353982300885,
            "93%": 0.3238341968911917,
            "96%": 0.38571428571428573,
            "97%": 0.40301003344481606,
            "98%": 0.4294478527607362,
            "98.5%": 0.4549266247379455,
            "99%": 0.4773662551440329,
            "99.3%": 0.49233716475095785,
            "99.6%": 0.5277475516866159,
            "99.9%": 0.6327319587628866
        },
        "max": 0.6810506566604128
    },
    "预测长度分布": {
        "count": 1535,
        "mean": 476.7,
        "min": 116,
        "percentiles": {
            "25%": 380,
            "50%": 443,
            "75%": 521,
            "90%": 615,
            "93%": 664,
            "96%": 721,
            "97%": 764,
            "98%": 846,
            "98.5%": 869,
            "99%": 950,
            "99.3%": 1016,
            "99.6%": 1196,
            "99.9%": 4930
        },
        "max": 4932
    },
    "目标长度分布": {
        "count": 1535,
        "mean": 449.13,
        "min": 93,
        "percentiles": {
            "25%": 392,
            "50%": 446,
            "75%": 502,
            "90%": 568,
            "93%": 590,
            "96%": 627,
            "97%": 644,
            "98%": 685,
            "98.5%": 692,
            "99%": 741,
            "99.3%": 766,
            "99.6%": 788,
            "99.9%": 885
        },
        "max": 919
    },
    "分数分布": {
        "count": 1535,
        "mean": 0.38,
        "min": 0.011295032725942088,
        "percentiles": {
            "25%": 0.30259066875889296,
            "50%": 0.35611510295250315,
            "75%": 0.4385763440611832,
            "90%": 0.5322128801553214,
            "93%": 0.5764966691356593,
            "96%": 0.6255924120760366,
            "97%": 0.6477916144932148,
            "98%": 0.6745163953504547,
            "98.5%": 0.7058823479560943,
            "99%": 0.7453987680231191,
            "99.3%": 0.7739534833752474,
            "99.6%": 0.7879417829713737,
            "99.9%": 0.8419150808182144
        },
        "max": 0.8506493456494444
    }
}