{
    "长度占比分布": {
        "count": 5145,
        "mean": 0.07,
        "min": -7.71875,
        "percentiles": {
            "25%": -0.06206896551724138,
            "50%": 0.09785932721712538,
            "75%": 0.24213075060532688,
            "90%": 0.36395759717314485,
            "93%": 0.4007707129094412,
            "96%": 0.4460431654676259,
            "97%": 0.4649532710280374,
            "98%": 0.4974271012006861,
            "98.5%": 0.5135746606334841,
            "99%": 0.5397923875432526,
            "99.3%": 0.5621621621621622,
            "99.6%": 0.6210762331838565,
            "99.9%": 0.7715355805243446
        },
        "max": 0.8707317073170732
    },
    "预测长度分布": {
        "count": 5145,
        "mean": 354.09,
        "min": 34,
        "percentiles": {
            "25%": 305,
            "50%": 351,
            "75%": 398,
            "90%": 453,
            "93%": 471,
            "96%": 501,
            "97%": 514,
            "98%": 531,
            "98.5%": 544,
            "99%": 564,
            "99.3%": 584,
            "99.6%": 605,
            "99.9%": 658
        },
        "max": 695
    },
    "目标长度分布": {
        "count": 5145,
        "mean": 393.55,
        "min": 32,
        "percentiles": {
            "25%": 344,
            "50%": 391,
            "75%": 441,
            "90%": 489,
            "93%": 509,
            "96%": 541,
            "97%": 553,
            "98%": 569,
            "98.5%": 578,
            "99%": 598,
            "99.3%": 621,
            "99.6%": 643,
            "99.9%": 695
        },
        "max": 1936
    },
    "分数分布": {
        "count": 5145,
        "mean": 0.3,
        "min": 0.05144694349148589,
        "percentiles": {
            "25%": 0.2287480632238677,
            "50%": 0.2670226920201569,
            "75%": 0.3215258805669357,
            "90%": 0.4193548337565037,
            "93%": 0.48326359334738983,
            "96%": 0.5772495705892697,
            "97%": 0.6191536698746536,
            "98%": 0.6597014875829361,
            "98.5%": 0.6892488904860956,
            "99%": 0.7219662008405833,
            "99.3%": 0.757078981587461,
            "99.6%": 0.7988668505660285,
            "99.9%": 0.9388646238286837
        },
        "max": 0.9954954904954956
    }
}