{
    "长度占比分布": {
        "count": 100,
        "mean": 0.05,
        "min": 0.00038880248833592535,
        "percentiles": {
            "25%": 0.012791991101223582,
            "50%": 0.031007751937984496,
            "75%": 0.06633906633906633,
            "90%": 0.09990253411306042,
            "93%": 0.1333872271624899,
            "96%": 0.15069252077562326,
            "97%": 0.1592356687898089,
            "98%": 0.1729593671341244,
            "98.5%": 0.20030816640986132,
            "99%": 0.20030816640986132,
            "99.3%": 0.3313679245283019,
            "99.6%": 0.3313679245283019,
            "99.9%": 0.3313679245283019
        },
        "max": 0.3313679245283019
    },
    "长度分布": {
        "count": 100,
        "mean": 2038.56,
        "min": 567,
        "percentiles": {
            "25%": 1771,
            "50%": 2090,
            "75%": 2427,
            "90%": 2637,
            "93%": 2725,
            "96%": 2825,
            "97%": 2873,
            "98%": 2890,
            "98.5%": 2898,
            "99%": 2898,
            "99.3%": 3240,
            "99.6%": 3240,
            "99.9%": 3240
        },
        "max": 3240
    },
    "分数分布": {
        "count": 100,
        "mean": 0.38,
        "min": 0.13938052762784878,
        "percentiles": {
            "25%": 0.2803234458985332,
            "50%": 0.36481241428543215,
            "75%": 0.43557582169279796,
            "90%": 0.5303030254548325,
            "93%": 0.6340468859568499,
            "96%": 0.6658227798779364,
            "97%": 0.7161290272582728,
            "98%": 0.7824351247964749,
            "98.5%": 0.7874999950781251,
            "99%": 0.7874999950781251,
            "99.3%": 0.8122743632363253,
            "99.6%": 0.8122743632363253,
            "99.9%": 0.8122743632363253
        },
        "max": 0.8122743632363253
    }
}