{
    "长度占比分布": {
        "count": 100,
        "mean": 0.06,
        "min": 0.0,
        "percentiles": {
            "25%": 0.012153621779290228,
            "50%": 0.034527972027972025,
            "75%": 0.07627666451195864,
            "90%": 0.10335747202106649,
            "93%": 0.11006289308176101,
            "96%": 0.1439232409381663,
            "97%": 0.15327929255711129,
            "98%": 0.15923009623797024,
            "98.5%": 0.18884339815762538,
            "99%": 0.18884339815762538,
            "99.3%": 1.4934175882043181,
            "99.6%": 1.4934175882043181,
            "99.9%": 1.4934175882043181
        },
        "max": 1.4934175882043181
    },
    "长度分布": {
        "count": 100,
        "mean": 1942.83,
        "min": 733,
        "percentiles": {
            "25%": 1585,
            "50%": 1942,
            "75%": 2263,
            "90%": 2630,
            "93%": 2670,
            "96%": 2737,
            "97%": 2763,
            "98%": 2808,
            "98.5%": 2837,
            "99%": 2837,
            "99.3%": 4735,
            "99.6%": 4735,
            "99.9%": 4735
        },
        "max": 4735
    },
    "分数分布": {
        "count": 100,
        "mean": 0.39,
        "min": 0.08663882947656616,
        "percentiles": {
            "25%": 0.2605210371285257,
            "50%": 0.3716535385536115,
            "75%": 0.4889867791613703,
            "90%": 0.6488888838913581,
            "93%": 0.6741572987404622,
            "96%": 0.7325728720773116,
            "97%": 0.7366296620085715,
            "98%": 0.8693333283376357,
            "98.5%": 0.8954635058481458,
            "99%": 0.8954635058481458,
            "99.3%": 0.8967193145629376,
            "99.6%": 0.8967193145629376,
            "99.9%": 0.8967193145629376
        },
        "max": 0.8967193145629376
    }
}