{
    "长度占比分布": {
        "count": 100,
        "mean": 0.08,
        "min": 0.0,
        "percentiles": {
            "25%": 0.017984107068172314,
            "50%": 0.03389830508474576,
            "75%": 0.06801411613731152,
            "90%": 0.11353315168029064,
            "93%": 0.13104414856341975,
            "96%": 0.16117216117216118,
            "97%": 0.18191780821917808,
            "98%": 0.18234323432343233,
            "98.5%": 0.2292860865033872,
            "99%": 0.2292860865033872,
            "99.3%": 3.117969821673525,
            "99.6%": 3.117969821673525,
            "99.9%": 3.117969821673525
        },
        "max": 3.117969821673525
    },
    "长度分布": {
        "count": 100,
        "mean": 2140.99,
        "min": 855,
        "percentiles": {
            "25%": 1570,
            "50%": 2129,
            "75%": 2545,
            "90%": 2919,
            "93%": 3028,
            "96%": 3112,
            "97%": 3162,
            "98%": 3198,
            "98.5%": 3475,
            "99%": 3475,
            "99.3%": 6004,
            "99.6%": 6004,
            "99.9%": 6004
        },
        "max": 6004
    },
    "分数分布": {
        "count": 100,
        "mean": 0.39,
        "min": 0.04013042239701157,
        "percentiles": {
            "25%": 0.3015312082036513,
            "50%": 0.3668341661331785,
            "75%": 0.4423841009973247,
            "90%": 0.5511921411991683,
            "93%": 0.5868421002975156,
            "96%": 0.6969696921035813,
            "97%": 0.7153558002535455,
            "98%": 0.720226838168871,
            "98.5%": 0.728310497338254,
            "99%": 0.728310497338254,
            "99.3%": 0.8220502851821624,
            "99.6%": 0.8220502851821624,
            "99.9%": 0.8220502851821624
        },
        "max": 0.8220502851821624
    }
}