{
    "长度占比分布": {
        "count": 1523,
        "mean": 0.06,
        "min": 0.0,
        "percentiles": {
            "25%": 0.019251336898395723,
            "50%": 0.04199475065616798,
            "75%": 0.07677989762680316,
            "90%": 0.12295640326975477,
            "93%": 0.14309764309764308,
            "96%": 0.1740924092409241,
            "97%": 0.18424036281179137,
            "98%": 0.21617021276595744,
            "98.5%": 0.24807256235827665,
            "99%": 0.30161001788908764,
            "99.3%": 0.4862475442043222,
            "99.6%": 0.9384934346924672,
            "99.9%": 2.2262224610424504
        },
        "max": 3.117969821673525
    },
    "长度分布": {
        "count": 1523,
        "mean": 2239.4,
        "min": 620,
        "percentiles": {
            "25%": 1857,
            "50%": 2280,
            "75%": 2622,
            "90%": 2870,
            "93%": 2970,
            "96%": 3105,
            "97%": 3144,
            "98%": 3213,
            "98.5%": 3267,
            "99%": 3374,
            "99.3%": 3638,
            "99.6%": 6003,
            "99.9%": 6004
        },
        "max": 6004
    },
    "分数分布": {
        "count": 1523,
        "mean": 0.42,
        "min": 0.01569858595471132,
        "percentiles": {
            "25%": 0.3206106820301848,
            "50%": 0.3898916920434256,
            "75%": 0.49557521632704216,
            "90%": 0.6313993125576304,
            "93%": 0.6654867208498082,
            "96%": 0.720226838168871,
            "97%": 0.7410852663421671,
            "98%": 0.7721518937584122,
            "98.5%": 0.7931382392063384,
            "99%": 0.810147294523587,
            "99.3%": 0.8259212148234737,
            "99.6%": 0.8510067064094051,
            "99.9%": 0.8813559272048264
        },
        "max": 0.8892355644496582
    }
}