{
    "长度占比分布": {
        "count": 3597,
        "mean": 0.05,
        "min": 0.0,
        "percentiles": {
            "25%": 0.01451378809869376,
            "50%": 0.03165938864628821,
            "75%": 0.060324825986078884,
            "90%": 0.09874826147426982,
            "93%": 0.11656952539550375,
            "96%": 0.1457073760580411,
            "97%": 0.15807067812798473,
            "98%": 0.17411764705882352,
            "98.5%": 0.18696629213483146,
            "99%": 0.19937369519832984,
            "99.3%": 0.21316614420062696,
            "99.6%": 0.24498886414253898,
            "99.9%": 1.1714285714285715
        },
        "max": 1.8468468468468469
    },
    "长度分布": {
        "count": 3597,
        "mean": 2072.53,
        "min": 515,
        "percentiles": {
            "25%": 1738,
            "50%": 2133,
            "75%": 2468,
            "90%": 2699,
            "93%": 2769,
            "96%": 2865,
            "97%": 2914,
            "98%": 2980,
            "98.5%": 3008,
            "99%": 3062,
            "99.3%": 3084,
            "99.6%": 3137,
            "99.9%": 5501
        },
        "max": 6004
    },
    "分数分布": {
        "count": 3597,
        "mean": 0.4,
        "min": 0.023210831379368402,
        "percentiles": {
            "25%": 0.310218973140551,
            "50%": 0.37849943530417623,
            "75%": 0.4585218652879525,
            "90%": 0.5771812030809423,
            "93%": 0.6253869919251599,
            "96%": 0.715376221934976,
            "97%": 0.7557003207585757,
            "98%": 0.8122743632363253,
            "98.5%": 0.8396226365487542,
            "99%": 0.8788927286014296,
            "99.3%": 0.8952042578926015,
            "99.6%": 0.9347496156376172,
            "99.9%": 0.9790794929080373
        },
        "max": 0.9957203944293967
    }
}