{
    "长度占比分布": {
        "count": 5120,
        "mean": 0.04,
        "min": 0.0,
        "percentiles": {
            "25%": 0.011056511056511056,
            "50%": 0.028487947406866325,
            "75%": 0.05869797225186766,
            "90%": 0.0940453686200378,
            "93%": 0.10660592255125284,
            "96%": 0.12971985383678442,
            "97%": 0.1411901983663944,
            "98%": 0.15441176470588236,
            "98.5%": 0.16611842105263158,
            "99%": 0.18154583582983821,
            "99.3%": 0.19755747126436782,
            "99.6%": 0.22076788830715532,
            "99.9%": 1.2053200332502079
        },
        "max": 3.3008595988538683
    },
    "长度分布": {
        "count": 5120,
        "mean": 1965.88,
        "min": 406,
        "percentiles": {
            "25%": 1633,
            "50%": 2022,
            "75%": 2336,
            "90%": 2581,
            "93%": 2653,
            "96%": 2748,
            "97%": 2789,
            "98%": 2843,
            "98.5%": 2880,
            "99%": 2928,
            "99.3%": 2962,
            "99.6%": 3003,
            "99.9%": 4735
        },
        "max": 6004
    },
    "分数分布": {
        "count": 5120,
        "mean": 0.47,
        "min": 0.011645379081598104,
        "percentiles": {
            "25%": 0.3076923027218935,
            "50%": 0.4212389330820581,
            "75%": 0.5975395383070846,
            "90%": 0.8422712883851466,
            "93%": 0.8913737969284162,
            "96%": 0.9392971196190633,
            "97%": 0.9604519724078731,
            "98%": 0.9764397855759164,
            "98.5%": 0.9857819855219384,
            "99%": 0.991869913699187,
            "99.3%": 0.9966329916329967,
            "99.6%": 0.999999995,
            "99.9%": 0.999999995
        },
        "max": 0.999999995
    }
}